,links
0,https://healthengine.com.au/dentist/wa/vasse/vasse-dental/s66836
1,https://healthengine.com.au/dentist/wa/clarkson/allied-dental-ocean-keys/s81615
2,https://healthengine.com.au/dentist/wa/pinjarra/all-dental-pinjarra/s81137
3,https://healthengine.com.au/dentist/wa/alkimos/alkimos-beach-dental-centre/s78435
4,https://healthengine.com.au/dentist/wa/spearwood/exceptional-dental-care/s76622
5,https://healthengine.com.au/dentist/wa/australind/australind-family-dentistry/s75354
6,https://healthengine.com.au/dentist/wa/heathridge/heathridge-dental-centre/s74798
7,https://healthengine.com.au/dentist/wa/north-coogee/allied-dental-centre-port-coogee/s74719
8,https://healthengine.com.au/dentist/wa/claremont/the-london-clinic-dental/s74472
9,https://healthengine.com.au/dentist/wa/butler/admire-dental/s69451
10,https://healthengine.com.au/dentist/wa/kinross/kinross-drive-dental/s68297
11,https://healthengine.com.au/dentist/wa/padbury/first-impressions-dental-padbury-previously-glengarry-dental/s68155
12,https://healthengine.com.au/dentist/wa/lakelands/jupiter-dental-clinic-lakelands/s67800
13,https://healthengine.com.au/dentist/wa/butler/butler-village-family-dental/s67084
14,https://healthengine.com.au/dentist/wa/bicton/bicton-dental-clinic/s66887
15,https://healthengine.com.au/dentist/wa/port-kennedy/port-kennedy-central-dental-care/s66372
16,https://healthengine.com.au/dentist/wa/halls-head/glencoe-dental-studios/s66272
17,https://healthengine.com.au/dentist/wa/eaton/eaton-family-dental-practice/s65682
18,https://healthengine.com.au/dentist/wa/baldivis/w-dental-baldivis/s64212
19,https://healthengine.com.au/dentist/wa/yanchep/beyond-smiles-dental-yanchep/s61736
20,https://healthengine.com.au/dentist/wa/kinross/kinross-drive-dental/s68297
21,https://healthengine.com.au/dentist/wa/padbury/first-impressions-dental-padbury-previously-glengarry-dental/s68155
22,https://healthengine.com.au/dentist/wa/lakelands/jupiter-dental-clinic-lakelands/s67800
23,https://healthengine.com.au/dentist/wa/butler/butler-village-family-dental/s67084
24,https://healthengine.com.au/dentist/wa/bicton/bicton-dental-clinic/s66887
25,https://healthengine.com.au/dentist/wa/port-kennedy/port-kennedy-central-dental-care/s66372
26,https://healthengine.com.au/dentist/wa/halls-head/glencoe-dental-studios/s66272
27,https://healthengine.com.au/dentist/wa/eaton/eaton-family-dental-practice/s65682
28,https://healthengine.com.au/dentist/wa/baldivis/w-dental-baldivis/s64212
29,https://healthengine.com.au/dentist/wa/yanchep/beyond-smiles-dental-yanchep/s61736
30,https://healthengine.com.au/dentist/wa/kinross/kinross-drive-dental/s68297
31,https://healthengine.com.au/dentist/wa/padbury/first-impressions-dental-padbury-previously-glengarry-dental/s68155
32,https://healthengine.com.au/dentist/wa/lakelands/jupiter-dental-clinic-lakelands/s67800
33,https://healthengine.com.au/dentist/wa/butler/butler-village-family-dental/s67084
34,https://healthengine.com.au/dentist/wa/bicton/bicton-dental-clinic/s66887
35,https://healthengine.com.au/dentist/wa/port-kennedy/port-kennedy-central-dental-care/s66372
36,https://healthengine.com.au/dentist/wa/halls-head/glencoe-dental-studios/s66272
37,https://healthengine.com.au/dentist/wa/eaton/eaton-family-dental-practice/s65682
38,https://healthengine.com.au/dentist/wa/baldivis/w-dental-baldivis/s64212
39,https://healthengine.com.au/dentist/wa/yanchep/beyond-smiles-dental-yanchep/s61736
40,https://healthengine.com.au/dentist/wa/kinross/kinross-drive-dental/s68297
41,https://healthengine.com.au/dentist/wa/padbury/first-impressions-dental-padbury-previously-glengarry-dental/s68155
42,https://healthengine.com.au/dentist/wa/lakelands/jupiter-dental-clinic-lakelands/s67800
43,https://healthengine.com.au/dentist/wa/butler/butler-village-family-dental/s67084
44,https://healthengine.com.au/dentist/wa/bicton/bicton-dental-clinic/s66887
45,https://healthengine.com.au/dentist/wa/port-kennedy/port-kennedy-central-dental-care/s66372
46,https://healthengine.com.au/dentist/wa/halls-head/glencoe-dental-studios/s66272
47,https://healthengine.com.au/dentist/wa/eaton/eaton-family-dental-practice/s65682
48,https://healthengine.com.au/dentist/wa/baldivis/w-dental-baldivis/s64212
49,https://healthengine.com.au/dentist/wa/yanchep/beyond-smiles-dental-yanchep/s61736
50,https://healthengine.com.au/dentist/wa/beldon/dental-o-so-gentle--beldon/s61210
51,https://healthengine.com.au/dentist/wa/yanchep/yanchep-central-dental/s61203
52,https://healthengine.com.au/dentist/wa/melville/melville-family-dental/s61099
53,https://healthengine.com.au/dentist/wa/jindalee/jindalee-family-dental/s61044
54,https://healthengine.com.au/dentist/wa/spearwood/all-in-one-dental/s61016
55,https://healthengine.com.au/dentist/wa/currambine/db-dental-currambine/s60969
56,https://healthengine.com.au/dentist/wa/cottesloe/db-dental-cottesloe/s60968
57,https://healthengine.com.au/dentist/wa/jindalee/db-dental-brighton/s60967
58,https://healthengine.com.au/dentist/wa/currambine/currambine-dental/s60086
59,https://healthengine.com.au/dentist/wa/north-beach/north-beach-dental-surgery/s60071
60,https://healthengine.com.au/dentist/wa/beldon/dental-o-so-gentle--beldon/s61210
61,https://healthengine.com.au/dentist/wa/yanchep/yanchep-central-dental/s61203
62,https://healthengine.com.au/dentist/wa/melville/melville-family-dental/s61099
63,https://healthengine.com.au/dentist/wa/jindalee/jindalee-family-dental/s61044
64,https://healthengine.com.au/dentist/wa/spearwood/all-in-one-dental/s61016
65,https://healthengine.com.au/dentist/wa/currambine/db-dental-currambine/s60969
66,https://healthengine.com.au/dentist/wa/cottesloe/db-dental-cottesloe/s60968
67,https://healthengine.com.au/dentist/wa/jindalee/db-dental-brighton/s60967
68,https://healthengine.com.au/dentist/wa/currambine/currambine-dental/s60086
69,https://healthengine.com.au/dentist/wa/north-beach/north-beach-dental-surgery/s60071
70,https://healthengine.com.au/dentist/wa/beldon/dental-o-so-gentle--beldon/s61210
71,https://healthengine.com.au/dentist/wa/yanchep/yanchep-central-dental/s61203
72,https://healthengine.com.au/dentist/wa/melville/melville-family-dental/s61099
73,https://healthengine.com.au/dentist/wa/jindalee/jindalee-family-dental/s61044
74,https://healthengine.com.au/dentist/wa/spearwood/all-in-one-dental/s61016
75,https://healthengine.com.au/dentist/wa/currambine/db-dental-currambine/s60969
76,https://healthengine.com.au/dentist/wa/cottesloe/db-dental-cottesloe/s60968
77,https://healthengine.com.au/dentist/wa/jindalee/db-dental-brighton/s60967
78,https://healthengine.com.au/dentist/wa/currambine/currambine-dental/s60086
79,https://healthengine.com.au/dentist/wa/north-beach/north-beach-dental-surgery/s60071
80,https://healthengine.com.au/dentist/wa/currambine/arca-dental/s59404
81,https://healthengine.com.au/dentist/wa/currambine/sunlander-dental-centre/s55821
82,https://healthengine.com.au/dentist/wa/wembley-downs/west-coast-dental-care/s48275
83,https://healthengine.com.au/dentist/wa/wembley-downs/downs-dental-clinic/s47044
84,https://healthengine.com.au/dentist/wa/claremont/claremont-dental/s46762
85,https://healthengine.com.au/dentist/wa/australind/paris-road-family-dental-practice/s45160
86,https://healthengine.com.au/dentist/wa/secret-harbour/secret-harbour-dental/s43625
87,https://healthengine.com.au/dentist/wa/safety-bay/airey-dental-family-practice/s43551
88,https://healthengine.com.au/dentist/wa/sorrento/sorrento-seacrest-dental-clinic/s43537
89,https://healthengine.com.au/dentist/wa/hillarys/hillarys-dental-care/s43489
90,https://healthengine.com.au/dentist/wa/currambine/arca-dental/s59404
91,https://healthengine.com.au/dentist/wa/currambine/sunlander-dental-centre/s55821
92,https://healthengine.com.au/dentist/wa/wembley-downs/west-coast-dental-care/s48275
93,https://healthengine.com.au/dentist/wa/wembley-downs/downs-dental-clinic/s47044
94,https://healthengine.com.au/dentist/wa/claremont/claremont-dental/s46762
95,https://healthengine.com.au/dentist/wa/australind/paris-road-family-dental-practice/s45160
96,https://healthengine.com.au/dentist/wa/secret-harbour/secret-harbour-dental/s43625
97,https://healthengine.com.au/dentist/wa/safety-bay/airey-dental-family-practice/s43551
98,https://healthengine.com.au/dentist/wa/sorrento/sorrento-seacrest-dental-clinic/s43537
99,https://healthengine.com.au/dentist/wa/hillarys/hillarys-dental-care/s43489
100,https://healthengine.com.au/dentist/wa/scarborough/hastings-dental-centre/s43488
101,https://healthengine.com.au/dentist/wa/floreat/floreat-dental-surgery/s43485
102,https://healthengine.com.au/dentist/wa/merriwa/brighton-beach-dental/s43468
103,https://healthengine.com.au/dentist/wa/mindarie/anchorage-dental-care/s43463
104,https://healthengine.com.au/dentist/wa/oconnor/south-street-dental-centre/s43444
105,https://healthengine.com.au/dentist/wa/marmion/marmion-dental-care/s43343
106,https://healthengine.com.au/dentist/wa/rockingham/safety-bay-dental-care-centre/s42320
107,https://healthengine.com.au/dentist/wa/spearwood/db-dental-spearwood/s42262
108,https://healthengine.com.au/dentist/wa/rockingham/db-dental-rockingham/s42260
109,https://healthengine.com.au/dentist/wa/north-fremantle/db-dental-north-fremantle/s42259
110,https://healthengine.com.au/dentist/wa/scarborough/hastings-dental-centre/s43488
111,https://healthengine.com.au/dentist/wa/floreat/floreat-dental-surgery/s43485
112,https://healthengine.com.au/dentist/wa/merriwa/brighton-beach-dental/s43468
113,https://healthengine.com.au/dentist/wa/mindarie/anchorage-dental-care/s43463
114,https://healthengine.com.au/dentist/wa/oconnor/south-street-dental-centre/s43444
115,https://healthengine.com.au/dentist/wa/marmion/marmion-dental-care/s43343
116,https://healthengine.com.au/dentist/wa/rockingham/safety-bay-dental-care-centre/s42320
117,https://healthengine.com.au/dentist/wa/spearwood/db-dental-spearwood/s42262
118,https://healthengine.com.au/dentist/wa/rockingham/db-dental-rockingham/s42260
119,https://healthengine.com.au/dentist/wa/north-fremantle/db-dental-north-fremantle/s42259
120,https://healthengine.com.au/dentist/wa/bicton/db-dental-melville/s42258
121,https://healthengine.com.au/dentist/wa/mandurah/db-dental-mandurah/s42257
122,https://healthengine.com.au/dentist/wa/joondalup/db-dental-joondalup/s42256
123,https://healthengine.com.au/dentist/wa/craigie/db-dental-craigie/s42254
124,https://healthengine.com.au/dentist/wa/claremont/db-dental-claremont/s42253
125,https://healthengine.com.au/dentist/wa/baldivis/db-dental-baldivis/s42251
126,https://healthengine.com.au/dentist/wa/greenfields/southern-dental-care-smile-by-design-mandurah/s40274
127,https://healthengine.com.au/dentist/wa/spearwood/phoenix-road-dental-surgery/s34799
128,https://healthengine.com.au/dentist/wa/scarborough/scarborough-beach-dental-clinic/s34786
129,https://healthengine.com.au/dentist/wa/rockingham/council-avenue-dental-and-implant-centre/s34775
130,https://healthengine.com.au/dentist/wa/bicton/db-dental-melville/s42258
131,https://healthengine.com.au/dentist/wa/mandurah/db-dental-mandurah/s42257
132,https://healthengine.com.au/dentist/wa/joondalup/db-dental-joondalup/s42256
133,https://healthengine.com.au/dentist/wa/craigie/db-dental-craigie/s42254
134,https://healthengine.com.au/dentist/wa/claremont/db-dental-claremont/s42253
135,https://healthengine.com.au/dentist/wa/baldivis/db-dental-baldivis/s42251
136,https://healthengine.com.au/dentist/wa/greenfields/southern-dental-care-smile-by-design-mandurah/s40274
137,https://healthengine.com.au/dentist/wa/spearwood/phoenix-road-dental-surgery/s34799
138,https://healthengine.com.au/dentist/wa/scarborough/scarborough-beach-dental-clinic/s34786
139,https://healthengine.com.au/dentist/wa/rockingham/council-avenue-dental-and-implant-centre/s34775
140,https://healthengine.com.au/dentist/wa/quinns-rocks/mindarie-quinns-dental-centre/s34766
141,https://healthengine.com.au/dentist/wa/pinjarra/pinjarra-dental/s34765
142,https://healthengine.com.au/dentist/wa/parmelia/tlc-dental-chisham-avenue/s34745
143,https://healthengine.com.au/dentist/wa/mandurah/tlc-dental-mandurah-north/s34680
144,https://healthengine.com.au/dentist/wa/hillarys/hillarys-beach-dental-centre/s34628
145,https://healthengine.com.au/dentist/wa/fremantle/western-dental-fremantle/s34594
146,https://healthengine.com.au/dentist/wa/eaton/eaton-dental-centre/s34582
147,https://healthengine.com.au/dentist/wa/duncraig/duncraig-dental-care/s34572
148,https://healthengine.com.au/dentist/wa/doubleview/doubleview-dental-clinic/s34565
149,https://healthengine.com.au/dentist/wa/dalkeith/dalkeith-dental/s34556
150,https://healthengine.com.au/dentist/wa/quinns-rocks/mindarie-quinns-dental-centre/s34766
151,https://healthengine.com.au/dentist/wa/pinjarra/pinjarra-dental/s34765
152,https://healthengine.com.au/dentist/wa/parmelia/tlc-dental-chisham-avenue/s34745
153,https://healthengine.com.au/dentist/wa/mandurah/tlc-dental-mandurah-north/s34680
154,https://healthengine.com.au/dentist/wa/hillarys/hillarys-beach-dental-centre/s34628
155,https://healthengine.com.au/dentist/wa/fremantle/western-dental-fremantle/s34594
156,https://healthengine.com.au/dentist/wa/eaton/eaton-dental-centre/s34582
157,https://healthengine.com.au/dentist/wa/duncraig/duncraig-dental-care/s34572
158,https://healthengine.com.au/dentist/wa/doubleview/doubleview-dental-clinic/s34565
159,https://healthengine.com.au/dentist/wa/dalkeith/dalkeith-dental/s34556
160,https://healthengine.com.au/dentist/wa/cottesloe/cottesloe-dental/s34551
161,https://healthengine.com.au/dentist/wa/connolly/connolly-dental/s34548
162,https://healthengine.com.au/dentist/wa/clarkson/clarkson-north-dental-care/s34542
163,https://healthengine.com.au/dentist/wa/clarkson/keys-dental/s34541
164,https://healthengine.com.au/dentist/wa/claremont/bayview-dental-claremont/s34539
165,https://healthengine.com.au/dentist/wa/claremont/ashton-avenue-dental/s34533
166,https://healthengine.com.au/dentist/wa/bunbury/doyles-dental/s34508
167,https://healthengine.com.au/dentist/wa/beaconsfield/the-tooth-clinic/s43627
168,https://healthengine.com.au/dentist/wa/north-fremantle/superior-smiles/s43445
169,https://healthengine.com.au/radiologist/wa/bunbury/skg-radiology-bunbury/s76827
170,https://healthengine.com.au/dentist/wa/cottesloe/cottesloe-dental/s34551
171,https://healthengine.com.au/dentist/wa/connolly/connolly-dental/s34548
172,https://healthengine.com.au/dentist/wa/clarkson/clarkson-north-dental-care/s34542
173,https://healthengine.com.au/dentist/wa/clarkson/keys-dental/s34541
174,https://healthengine.com.au/dentist/wa/claremont/bayview-dental-claremont/s34539
175,https://healthengine.com.au/dentist/wa/claremont/ashton-avenue-dental/s34533
176,https://healthengine.com.au/dentist/wa/bunbury/doyles-dental/s34508
177,https://healthengine.com.au/dentist/wa/beaconsfield/the-tooth-clinic/s43627
178,https://healthengine.com.au/dentist/wa/north-fremantle/superior-smiles/s43445
179,https://healthengine.com.au/radiologist/wa/bunbury/skg-radiology-bunbury/s76827
180,https://healthengine.com.au/dentist/wa/cottesloe/cottesloe-dental/s34551
181,https://healthengine.com.au/dentist/wa/connolly/connolly-dental/s34548
182,https://healthengine.com.au/dentist/wa/clarkson/clarkson-north-dental-care/s34542
183,https://healthengine.com.au/dentist/wa/clarkson/keys-dental/s34541
184,https://healthengine.com.au/dentist/wa/claremont/bayview-dental-claremont/s34539
185,https://healthengine.com.au/dentist/wa/claremont/ashton-avenue-dental/s34533
186,https://healthengine.com.au/dentist/wa/bunbury/doyles-dental/s34508
187,https://healthengine.com.au/dentist/wa/beaconsfield/the-tooth-clinic/s43627
188,https://healthengine.com.au/dentist/wa/north-fremantle/superior-smiles/s43445
189,https://healthengine.com.au/radiologist/wa/bunbury/skg-radiology-bunbury/s76827
190,https://healthengine.com.au/radiologist/wa/mandurah/skg-radiology-mandurah/s76826
191,https://healthengine.com.au/radiologist/wa/fremantle/skg-radiology-fremantle/s76824
192,https://healthengine.com.au/radiologist/wa/rockingham/skg-radiology-rockingham/s61067
193,https://healthengine.com.au/radiologist/wa/currambine/skg-radiology-currambine/s43293
194,https://healthengine.com.au/dentist/wa/warwick/my-implant-dentist-warwick/s82116
195,https://healthengine.com.au/dentist/wa/booragoon/booragoon-family-dental-centre/s81635
196,https://healthengine.com.au/dentist/wa/manning/dentistmanning/s81406
197,https://healthengine.com.au/dentist/wa/wellard/ivory-dental-care/s81149
198,https://healthengine.com.au/dentist/wa/forrestfield/forrestfield-dentist/s78873
199,https://healthengine.com.au/dentist/wa/yokine/yokine-smiles-dental/s78837
200,https://healthengine.com.au/radiologist/wa/mandurah/skg-radiology-mandurah/s76826
201,https://healthengine.com.au/radiologist/wa/fremantle/skg-radiology-fremantle/s76824
202,https://healthengine.com.au/radiologist/wa/rockingham/skg-radiology-rockingham/s61067
203,https://healthengine.com.au/radiologist/wa/currambine/skg-radiology-currambine/s43293
204,https://healthengine.com.au/dentist/wa/warwick/my-implant-dentist-warwick/s82116
205,https://healthengine.com.au/dentist/wa/booragoon/booragoon-family-dental-centre/s81635
206,https://healthengine.com.au/dentist/wa/manning/dentistmanning/s81406
207,https://healthengine.com.au/dentist/wa/wellard/ivory-dental-care/s81149
208,https://healthengine.com.au/dentist/wa/forrestfield/forrestfield-dentist/s78873
209,https://healthengine.com.au/dentist/wa/yokine/yokine-smiles-dental/s78837
210,https://healthengine.com.au/radiologist/wa/mandurah/skg-radiology-mandurah/s76826
211,https://healthengine.com.au/radiologist/wa/fremantle/skg-radiology-fremantle/s76824
212,https://healthengine.com.au/radiologist/wa/rockingham/skg-radiology-rockingham/s61067
213,https://healthengine.com.au/radiologist/wa/currambine/skg-radiology-currambine/s43293
214,https://healthengine.com.au/dentist/wa/warwick/my-implant-dentist-warwick/s82116
215,https://healthengine.com.au/dentist/wa/booragoon/booragoon-family-dental-centre/s81635
216,https://healthengine.com.au/dentist/wa/manning/dentistmanning/s81406
217,https://healthengine.com.au/dentist/wa/wellard/ivory-dental-care/s81149
218,https://healthengine.com.au/dentist/wa/forrestfield/forrestfield-dentist/s78873
219,https://healthengine.com.au/dentist/wa/yokine/yokine-smiles-dental/s78837
220,https://healthengine.com.au/dentist/wa/banksia-grove/grandis-dental/s78166
221,https://healthengine.com.au/dentist/wa/cannington/go-smiles-dental-studio/s76448
222,https://healthengine.com.au/dentist/wa/bullsbrook/bullsbrook-dental-centre/s76092
223,https://healthengine.com.au/dentist/wa/booragoon/riseley-street-dental/s75206
224,https://healthengine.com.au/dentist/wa/manning/manning-dental/s74698
225,https://healthengine.com.au/dentist/wa/leederville/dentistry-plus-leederville/s74539
226,https://healthengine.com.au/dentist/wa/midland/midland-dental-centre/s74498
227,https://healthengine.com.au/dentist/wa/midland/dr-teeth-dental-care/s74189
228,https://healthengine.com.au/dentist/wa/kalamunda/pk-dental-kalamunda/s69513
229,https://healthengine.com.au/dentist/wa/armadale/elysian-dental/s69466
230,https://healthengine.com.au/dentist/wa/banksia-grove/grandis-dental/s78166
231,https://healthengine.com.au/dentist/wa/cannington/go-smiles-dental-studio/s76448
232,https://healthengine.com.au/dentist/wa/bullsbrook/bullsbrook-dental-centre/s76092
233,https://healthengine.com.au/dentist/wa/booragoon/riseley-street-dental/s75206
234,https://healthengine.com.au/dentist/wa/manning/manning-dental/s74698
235,https://healthengine.com.au/dentist/wa/leederville/dentistry-plus-leederville/s74539
236,https://healthengine.com.au/dentist/wa/midland/midland-dental-centre/s74498
237,https://healthengine.com.au/dentist/wa/midland/dr-teeth-dental-care/s74189
238,https://healthengine.com.au/dentist/wa/kalamunda/pk-dental-kalamunda/s69513
239,https://healthengine.com.au/dentist/wa/armadale/elysian-dental/s69466
240,https://healthengine.com.au/dentist/wa/banksia-grove/grandis-dental/s78166
241,https://healthengine.com.au/dentist/wa/cannington/go-smiles-dental-studio/s76448
242,https://healthengine.com.au/dentist/wa/bullsbrook/bullsbrook-dental-centre/s76092
243,https://healthengine.com.au/dentist/wa/booragoon/riseley-street-dental/s75206
244,https://healthengine.com.au/dentist/wa/manning/manning-dental/s74698
245,https://healthengine.com.au/dentist/wa/leederville/dentistry-plus-leederville/s74539
246,https://healthengine.com.au/dentist/wa/midland/midland-dental-centre/s74498
247,https://healthengine.com.au/dentist/wa/midland/dr-teeth-dental-care/s74189
248,https://healthengine.com.au/dentist/wa/kalamunda/pk-dental-kalamunda/s69513
249,https://healthengine.com.au/dentist/wa/armadale/elysian-dental/s69466
250,https://healthengine.com.au/dentist/wa/south-guildford/guildford-dental-centre/s68280
251,https://healthengine.com.au/dentist/wa/ellenbrook/ellen-stirling-dental-ellenbrook/s67857
252,https://healthengine.com.au/dentist/wa/north-perth/enso-dental/s67657
253,https://healthengine.com.au/dentist/wa/leeming/south-calley-dental-centre/s67536
254,https://healthengine.com.au/dentist/wa/east-victoria-park/dental-gigi/s67495
255,https://healthengine.com.au/dentist/wa/byford/jupiter-dental-clinic-byford/s67066
256,https://healthengine.com.au/dentist/wa/hammond-park/amore-dental/s65359
257,https://healthengine.com.au/dentist/wa/wanneroo/mia-dental-centre/s64407
258,https://healthengine.com.au/dentist/wa/perth/db-dental-perth-city/s64139
259,https://healthengine.com.au/dentist/wa/bassendean/dental-circle/s64034
260,https://healthengine.com.au/dentist/wa/south-guildford/guildford-dental-centre/s68280
261,https://healthengine.com.au/dentist/wa/ellenbrook/ellen-stirling-dental-ellenbrook/s67857
262,https://healthengine.com.au/dentist/wa/north-perth/enso-dental/s67657
263,https://healthengine.com.au/dentist/wa/leeming/south-calley-dental-centre/s67536
264,https://healthengine.com.au/dentist/wa/east-victoria-park/dental-gigi/s67495
265,https://healthengine.com.au/dentist/wa/byford/jupiter-dental-clinic-byford/s67066
266,https://healthengine.com.au/dentist/wa/hammond-park/amore-dental/s65359
267,https://healthengine.com.au/dentist/wa/wanneroo/mia-dental-centre/s64407
268,https://healthengine.com.au/dentist/wa/perth/db-dental-perth-city/s64139
269,https://healthengine.com.au/dentist/wa/bassendean/dental-circle/s64034
270,https://healthengine.com.au/dentist/wa/south-guildford/guildford-dental-centre/s68280
271,https://healthengine.com.au/dentist/wa/ellenbrook/ellen-stirling-dental-ellenbrook/s67857
272,https://healthengine.com.au/dentist/wa/north-perth/enso-dental/s67657
273,https://healthengine.com.au/dentist/wa/leeming/south-calley-dental-centre/s67536
274,https://healthengine.com.au/dentist/wa/east-victoria-park/dental-gigi/s67495
275,https://healthengine.com.au/dentist/wa/byford/jupiter-dental-clinic-byford/s67066
276,https://healthengine.com.au/dentist/wa/hammond-park/amore-dental/s65359
277,https://healthengine.com.au/dentist/wa/wanneroo/mia-dental-centre/s64407
278,https://healthengine.com.au/dentist/wa/perth/db-dental-perth-city/s64139
279,https://healthengine.com.au/dentist/wa/bassendean/dental-circle/s64034
280,https://healthengine.com.au/dentist/wa/aveley/pk-dental-services-aveley-dental-centre/s63921
281,https://healthengine.com.au/dentist/wa/harrisdale/pk-dental-centre-harrisdale/s63475
282,https://healthengine.com.au/dentist/wa/wattle-grove/wattle-grove-dental-centre/s62904
283,https://healthengine.com.au/dentist/wa/beechboro/altone-dental-centre/s62667
284,https://healthengine.com.au/dentist/wa/bentley/bentley-plaza-dental-clinic/s62397
285,https://healthengine.com.au/dentist/wa/yokine/radiant-smiles-dental-care-yokine/s62159
286,https://healthengine.com.au/dentist/wa/midland/midland-dental-hub/s62075
287,https://healthengine.com.au/dentist/wa/banksia-grove/banksia-grove-family-dental/s61946
288,https://healthengine.com.au/dentist/wa/kardinya/beyond-smiles-dental-kardinya/s61735
289,https://healthengine.com.au/dentist/wa/bertram/beyond-smiles-dental-bertram/s61734
290,https://healthengine.com.au/dentist/wa/aveley/pk-dental-services-aveley-dental-centre/s63921
291,https://healthengine.com.au/dentist/wa/harrisdale/pk-dental-centre-harrisdale/s63475
292,https://healthengine.com.au/dentist/wa/wattle-grove/wattle-grove-dental-centre/s62904
293,https://healthengine.com.au/dentist/wa/beechboro/altone-dental-centre/s62667
294,https://healthengine.com.au/dentist/wa/bentley/bentley-plaza-dental-clinic/s62397
295,https://healthengine.com.au/dentist/wa/yokine/radiant-smiles-dental-care-yokine/s62159
296,https://healthengine.com.au/dentist/wa/midland/midland-dental-hub/s62075
297,https://healthengine.com.au/dentist/wa/banksia-grove/banksia-grove-family-dental/s61946
298,https://healthengine.com.au/dentist/wa/kardinya/beyond-smiles-dental-kardinya/s61735
299,https://healthengine.com.au/dentist/wa/bertram/beyond-smiles-dental-bertram/s61734
300,https://healthengine.com.au/dentist/wa/aveley/pk-dental-services-aveley-dental-centre/s63921
301,https://healthengine.com.au/dentist/wa/harrisdale/pk-dental-centre-harrisdale/s63475
302,https://healthengine.com.au/dentist/wa/wattle-grove/wattle-grove-dental-centre/s62904
303,https://healthengine.com.au/dentist/wa/beechboro/altone-dental-centre/s62667
304,https://healthengine.com.au/dentist/wa/bentley/bentley-plaza-dental-clinic/s62397
305,https://healthengine.com.au/dentist/wa/yokine/radiant-smiles-dental-care-yokine/s62159
306,https://healthengine.com.au/dentist/wa/midland/midland-dental-hub/s62075
307,https://healthengine.com.au/dentist/wa/banksia-grove/banksia-grove-family-dental/s61946
308,https://healthengine.com.au/dentist/wa/kardinya/beyond-smiles-dental-kardinya/s61735
309,https://healthengine.com.au/dentist/wa/bertram/beyond-smiles-dental-bertram/s61734
310,https://healthengine.com.au/dentist/wa/girrawheen/tee-family-dental/s61197
311,https://healthengine.com.au/dentist/wa/perth/perth-dental-rooms-previously-carillon-city-dental/s61164
312,https://healthengine.com.au/dentist/wa/joondalup/st-john-dental-joondalup-previously-apollo-dental/s60990
313,https://healthengine.com.au/dentist/wa/aveley/db-dental-ellenbrook/s60970
314,https://healthengine.com.au/dentist/wa/willetton/herald-avenue-dental-centre/s60932
315,https://healthengine.com.au/dentist/wa/mount-lawley/chelmsford-dental-allied-dental/s60847
316,https://healthengine.com.au/dentist/wa/southern-river/southern-river-dental/s60318
317,https://healthengine.com.au/dentist/wa/murdoch/murdoch-dental/s60133
318,https://healthengine.com.au/dentist/wa/armadale/prospect-road-dental-surgery/s60103
319,https://healthengine.com.au/dentist/wa/midland/doucas-dental/s60087
320,https://healthengine.com.au/dentist/wa/girrawheen/tee-family-dental/s61197
321,https://healthengine.com.au/dentist/wa/perth/perth-dental-rooms-previously-carillon-city-dental/s61164
322,https://healthengine.com.au/dentist/wa/joondalup/st-john-dental-joondalup-previously-apollo-dental/s60990
323,https://healthengine.com.au/dentist/wa/aveley/db-dental-ellenbrook/s60970
324,https://healthengine.com.au/dentist/wa/willetton/herald-avenue-dental-centre/s60932
325,https://healthengine.com.au/dentist/wa/mount-lawley/chelmsford-dental-allied-dental/s60847
326,https://healthengine.com.au/dentist/wa/southern-river/southern-river-dental/s60318
327,https://healthengine.com.au/dentist/wa/murdoch/murdoch-dental/s60133
328,https://healthengine.com.au/dentist/wa/armadale/prospect-road-dental-surgery/s60103
329,https://healthengine.com.au/dentist/wa/midland/doucas-dental/s60087
330,https://healthengine.com.au/dentist/wa/girrawheen/tee-family-dental/s61197
331,https://healthengine.com.au/dentist/wa/perth/perth-dental-rooms-previously-carillon-city-dental/s61164
332,https://healthengine.com.au/dentist/wa/joondalup/st-john-dental-joondalup-previously-apollo-dental/s60990
333,https://healthengine.com.au/dentist/wa/aveley/db-dental-ellenbrook/s60970
334,https://healthengine.com.au/dentist/wa/willetton/herald-avenue-dental-centre/s60932
335,https://healthengine.com.au/dentist/wa/mount-lawley/chelmsford-dental-allied-dental/s60847
336,https://healthengine.com.au/dentist/wa/southern-river/southern-river-dental/s60318
337,https://healthengine.com.au/dentist/wa/murdoch/murdoch-dental/s60133
338,https://healthengine.com.au/dentist/wa/armadale/prospect-road-dental-surgery/s60103
339,https://healthengine.com.au/dentist/wa/midland/doucas-dental/s60087
340,https://healthengine.com.au/dentist/wa/subiaco/dental-esthetique/s60058
341,https://healthengine.com.au/dentist/wa/mount-lawley/third-ave-dental-centre/s60048
342,https://healthengine.com.au/dentist/wa/perth/sing-sing-dental-clinic/s60043
343,https://healthengine.com.au/dentist/wa/success/st-john-dental-cockburn-previously-apollo-dental/s58356
344,https://healthengine.com.au/dentist/wa/gosnells/ashburton-dental-centre/s57973
345,https://healthengine.com.au/dentist/wa/marangaroo/the-walk-in-dental-centre/s56773
346,https://healthengine.com.au/dentist/wa/cockburn-central/allied-dental-centre-cockburn/s56667
347,https://healthengine.com.au/dentist/wa/bull-creek/access-dental-care-bull-creek/s56338
348,https://healthengine.com.au/dentist/wa/east-perth/access-dental-care-east-perth/s56337
349,https://healthengine.com.au/dentist/wa/leeming/dentistry-plus-leeming/s56210
350,https://healthengine.com.au/dentist/wa/subiaco/dental-esthetique/s60058
351,https://healthengine.com.au/dentist/wa/mount-lawley/third-ave-dental-centre/s60048
352,https://healthengine.com.au/dentist/wa/perth/sing-sing-dental-clinic/s60043
353,https://healthengine.com.au/dentist/wa/success/st-john-dental-cockburn-previously-apollo-dental/s58356
354,https://healthengine.com.au/dentist/wa/gosnells/ashburton-dental-centre/s57973
355,https://healthengine.com.au/dentist/wa/marangaroo/the-walk-in-dental-centre/s56773
356,https://healthengine.com.au/dentist/wa/cockburn-central/allied-dental-centre-cockburn/s56667
357,https://healthengine.com.au/dentist/wa/bull-creek/access-dental-care-bull-creek/s56338
358,https://healthengine.com.au/dentist/wa/east-perth/access-dental-care-east-perth/s56337
359,https://healthengine.com.au/dentist/wa/leeming/dentistry-plus-leeming/s56210
360,https://healthengine.com.au/dentist/wa/subiaco/dental-esthetique/s60058
361,https://healthengine.com.au/dentist/wa/mount-lawley/third-ave-dental-centre/s60048
362,https://healthengine.com.au/dentist/wa/perth/sing-sing-dental-clinic/s60043
363,https://healthengine.com.au/dentist/wa/success/st-john-dental-cockburn-previously-apollo-dental/s58356
364,https://healthengine.com.au/dentist/wa/gosnells/ashburton-dental-centre/s57973
365,https://healthengine.com.au/dentist/wa/marangaroo/the-walk-in-dental-centre/s56773
366,https://healthengine.com.au/dentist/wa/cockburn-central/allied-dental-centre-cockburn/s56667
367,https://healthengine.com.au/dentist/wa/bull-creek/access-dental-care-bull-creek/s56338
368,https://healthengine.com.au/dentist/wa/east-perth/access-dental-care-east-perth/s56337
369,https://healthengine.com.au/dentist/wa/leeming/dentistry-plus-leeming/s56210
370,https://healthengine.com.au/dentist/wa/darch/darch-dental-centre/s56129
371,https://healthengine.com.au/dentist/wa/parkwood/willeri-dental/s56084
372,https://healthengine.com.au/dentist/wa/armadale/st-john-dental-armadale-previously-apollo-dental/s56024
373,https://healthengine.com.au/dentist/wa/byford/marri-gum-family-dental/s48293
374,https://healthengine.com.au/dentist/wa/canning-vale/dentist-wa-canning-vale/s47991
375,https://healthengine.com.au/dentist/wa/perth/stirling-street-dental-clinic/s47716
376,https://healthengine.com.au/dentist/wa/pearsall/pearsall-dental-centre/s47706
377,https://healthengine.com.au/dentist/wa/perth/lifecare-dental-cbd/s47662
378,https://healthengine.com.au/dentist/wa/perth/dental-o-so-gentle/s47043
379,https://healthengine.com.au/dentist/wa/ellenbrook/coolamon-dental-centre/s47041
380,https://healthengine.com.au/dentist/wa/darch/darch-dental-centre/s56129
381,https://healthengine.com.au/dentist/wa/parkwood/willeri-dental/s56084
382,https://healthengine.com.au/dentist/wa/armadale/st-john-dental-armadale-previously-apollo-dental/s56024
383,https://healthengine.com.au/dentist/wa/byford/marri-gum-family-dental/s48293
384,https://healthengine.com.au/dentist/wa/canning-vale/dentist-wa-canning-vale/s47991
385,https://healthengine.com.au/dentist/wa/perth/stirling-street-dental-clinic/s47716
386,https://healthengine.com.au/dentist/wa/pearsall/pearsall-dental-centre/s47706
387,https://healthengine.com.au/dentist/wa/perth/lifecare-dental-cbd/s47662
388,https://healthengine.com.au/dentist/wa/perth/dental-o-so-gentle/s47043
389,https://healthengine.com.au/dentist/wa/ellenbrook/coolamon-dental-centre/s47041
390,https://healthengine.com.au/dentist/wa/darch/darch-dental-centre/s56129
391,https://healthengine.com.au/dentist/wa/parkwood/willeri-dental/s56084
392,https://healthengine.com.au/dentist/wa/armadale/st-john-dental-armadale-previously-apollo-dental/s56024
393,https://healthengine.com.au/dentist/wa/byford/marri-gum-family-dental/s48293
394,https://healthengine.com.au/dentist/wa/canning-vale/dentist-wa-canning-vale/s47991
395,https://healthengine.com.au/dentist/wa/perth/stirling-street-dental-clinic/s47716
396,https://healthengine.com.au/dentist/wa/pearsall/pearsall-dental-centre/s47706
397,https://healthengine.com.au/dentist/wa/perth/lifecare-dental-cbd/s47662
398,https://healthengine.com.au/dentist/wa/perth/dental-o-so-gentle/s47043
399,https://healthengine.com.au/dentist/wa/ellenbrook/coolamon-dental-centre/s47041
400,https://healthengine.com.au/dentist/wa/morley/perth-family-dental-formerly-dentistmorley/s47036
401,https://healthengine.com.au/dentist/wa/karawara/alpha-dental/s46238
402,https://healthengine.com.au/dentist/wa/joondalup/dentistry-plus-joondalup/s45072
403,https://healthengine.com.au/dentist/wa/landsdale/classic-dental-centre/s43718
404,https://healthengine.com.au/dentist/wa/madeley/lifecare-dental-kingsway/s43699
405,https://healthengine.com.au/dentist/wa/canning-vale/vale-dental-centre/s43628
406,https://healthengine.com.au/dentist/wa/canning-vale/nicholson-road-dental-centre/s43613
407,https://healthengine.com.au/dentist/wa/applecross/mount-pleasant-dental-centre/s43612
408,https://healthengine.com.au/dentist/wa/darlington/darlington-dental/s43580
409,https://healthengine.com.au/dentist/wa/midland/my-midland-dentist/s43578
410,https://healthengine.com.au/dentist/wa/morley/perth-family-dental-formerly-dentistmorley/s47036
411,https://healthengine.com.au/dentist/wa/karawara/alpha-dental/s46238
412,https://healthengine.com.au/dentist/wa/joondalup/dentistry-plus-joondalup/s45072
413,https://healthengine.com.au/dentist/wa/landsdale/classic-dental-centre/s43718
414,https://healthengine.com.au/dentist/wa/madeley/lifecare-dental-kingsway/s43699
415,https://healthengine.com.au/dentist/wa/canning-vale/vale-dental-centre/s43628
416,https://healthengine.com.au/dentist/wa/canning-vale/nicholson-road-dental-centre/s43613
417,https://healthengine.com.au/dentist/wa/applecross/mount-pleasant-dental-centre/s43612
418,https://healthengine.com.au/dentist/wa/darlington/darlington-dental/s43580
419,https://healthengine.com.au/dentist/wa/midland/my-midland-dentist/s43578
420,https://healthengine.com.au/dentist/wa/cannington/cannington-dental-centre/s43573
421,https://healthengine.com.au/dentist/wa/bentley/bentley-dental-clinic/s43568
422,https://healthengine.com.au/dentist/wa/byford/byford-dental-centre/s43566
423,https://healthengine.com.au/dentist/wa/success/gateways-dental-centre/s43554
424,https://healthengine.com.au/dentist/wa/woodvale/aim-dental-woodvale/s43542
425,https://healthengine.com.au/dentist/wa/leederville/oxford-street-dental/s43533
426,https://healthengine.com.au/dentist/wa/malaga/malaga-dental-clinic/s43525
427,https://healthengine.com.au/dentist/wa/kingsley/kingsley-village-dental-centre/s43521
428,https://healthengine.com.au/dentist/wa/wanneroo/hocking-dental-care/s43490
429,https://healthengine.com.au/dentist/wa/ellenbrook/ellenbrook-dental-clinic/s43484
430,https://healthengine.com.au/dentist/wa/cannington/cannington-dental-centre/s43573
431,https://healthengine.com.au/dentist/wa/bentley/bentley-dental-clinic/s43568
432,https://healthengine.com.au/dentist/wa/byford/byford-dental-centre/s43566
433,https://healthengine.com.au/dentist/wa/success/gateways-dental-centre/s43554
434,https://healthengine.com.au/dentist/wa/woodvale/aim-dental-woodvale/s43542
435,https://healthengine.com.au/dentist/wa/leederville/oxford-street-dental/s43533
436,https://healthengine.com.au/dentist/wa/malaga/malaga-dental-clinic/s43525
437,https://healthengine.com.au/dentist/wa/kingsley/kingsley-village-dental-centre/s43521
438,https://healthengine.com.au/dentist/wa/wanneroo/hocking-dental-care/s43490
439,https://healthengine.com.au/dentist/wa/ellenbrook/ellenbrook-dental-clinic/s43484
440,https://healthengine.com.au/dentist/wa/cannington/cannington-dental-centre/s43573
441,https://healthengine.com.au/dentist/wa/bentley/bentley-dental-clinic/s43568
442,https://healthengine.com.au/dentist/wa/byford/byford-dental-centre/s43566
443,https://healthengine.com.au/dentist/wa/success/gateways-dental-centre/s43554
444,https://healthengine.com.au/dentist/wa/woodvale/aim-dental-woodvale/s43542
445,https://healthengine.com.au/dentist/wa/leederville/oxford-street-dental/s43533
446,https://healthengine.com.au/dentist/wa/malaga/malaga-dental-clinic/s43525
447,https://healthengine.com.au/dentist/wa/kingsley/kingsley-village-dental-centre/s43521
448,https://healthengine.com.au/dentist/wa/wanneroo/hocking-dental-care/s43490
449,https://healthengine.com.au/dentist/wa/ellenbrook/ellenbrook-dental-clinic/s43484
450,https://healthengine.com.au/dentist/wa/duncraig/dentistry-on-arnisdale/s43482
451,https://healthengine.com.au/dentist/wa/stirling/cedric-street-dental-centre/s43478
452,https://healthengine.com.au/dentist/wa/willetton/advanced-dental-spa-willetton/s43465
453,https://healthengine.com.au/dentist/wa/joondalup/sparkle-dental-joondalup/s43460
454,https://healthengine.com.au/dentist/wa/joondalup/dental-at-joondalup/s43459
455,https://healthengine.com.au/dentist/wa/west-perth/west-perth-dental-centre/s43458
456,https://healthengine.com.au/dentist/wa/north-perth/tn-dental-north-perth/s43457
457,https://healthengine.com.au/dentist/wa/applecross/my-dentist--applecross/s43426
458,https://healthengine.com.au/dentist/wa/perth/gledden-dental/s43416
459,https://healthengine.com.au/dentist/wa/midland/crescent-village-dental-centre/s43392
460,https://healthengine.com.au/dentist/wa/duncraig/dentistry-on-arnisdale/s43482
461,https://healthengine.com.au/dentist/wa/stirling/cedric-street-dental-centre/s43478
462,https://healthengine.com.au/dentist/wa/willetton/advanced-dental-spa-willetton/s43465
463,https://healthengine.com.au/dentist/wa/joondalup/sparkle-dental-joondalup/s43460
464,https://healthengine.com.au/dentist/wa/joondalup/dental-at-joondalup/s43459
465,https://healthengine.com.au/dentist/wa/west-perth/west-perth-dental-centre/s43458
466,https://healthengine.com.au/dentist/wa/north-perth/tn-dental-north-perth/s43457
467,https://healthengine.com.au/dentist/wa/applecross/my-dentist--applecross/s43426
468,https://healthengine.com.au/dentist/wa/perth/gledden-dental/s43416
469,https://healthengine.com.au/dentist/wa/midland/crescent-village-dental-centre/s43392
470,https://healthengine.com.au/dentist/wa/duncraig/dentistry-on-arnisdale/s43482
471,https://healthengine.com.au/dentist/wa/stirling/cedric-street-dental-centre/s43478
472,https://healthengine.com.au/dentist/wa/willetton/advanced-dental-spa-willetton/s43465
473,https://healthengine.com.au/dentist/wa/joondalup/sparkle-dental-joondalup/s43460
474,https://healthengine.com.au/dentist/wa/joondalup/dental-at-joondalup/s43459
475,https://healthengine.com.au/dentist/wa/west-perth/west-perth-dental-centre/s43458
476,https://healthengine.com.au/dentist/wa/north-perth/tn-dental-north-perth/s43457
477,https://healthengine.com.au/dentist/wa/applecross/my-dentist--applecross/s43426
478,https://healthengine.com.au/dentist/wa/perth/gledden-dental/s43416
479,https://healthengine.com.au/dentist/wa/midland/crescent-village-dental-centre/s43392
480,https://healthengine.com.au/dentist/wa/west-leederville/cambridge-city-dental/s43389
481,https://healthengine.com.au/dentist/wa/perth/accent-dental-care/s43378
482,https://healthengine.com.au/dentist/wa/perth/perth-central-dental-centre/s43260
483,https://healthengine.com.au/dentist/wa/south-lake/db-dental-south-lake/s42261
484,https://healthengine.com.au/dentist/wa/innaloo/db-dental-innaloo/s42255
485,https://healthengine.com.au/dentist/wa/applecross/db-dental-riseley-street/s42250
486,https://healthengine.com.au/dentist/wa/carramar/diamond-smiles-dental/s41414
487,https://healthengine.com.au/dentist/wa/nedlands/nedlands-dental/s40238
488,https://healthengine.com.au/dentist/wa/woodvale/woodvale-park-dental/s34860
489,https://healthengine.com.au/dentist/wa/woodvale/woodvale-dental-surgery/s34859
490,https://healthengine.com.au/dentist/wa/west-leederville/cambridge-city-dental/s43389
491,https://healthengine.com.au/dentist/wa/perth/accent-dental-care/s43378
492,https://healthengine.com.au/dentist/wa/perth/perth-central-dental-centre/s43260
493,https://healthengine.com.au/dentist/wa/south-lake/db-dental-south-lake/s42261
494,https://healthengine.com.au/dentist/wa/innaloo/db-dental-innaloo/s42255
495,https://healthengine.com.au/dentist/wa/applecross/db-dental-riseley-street/s42250
496,https://healthengine.com.au/dentist/wa/carramar/diamond-smiles-dental/s41414
497,https://healthengine.com.au/dentist/wa/nedlands/nedlands-dental/s40238
498,https://healthengine.com.au/dentist/wa/woodvale/woodvale-park-dental/s34860
499,https://healthengine.com.au/dentist/wa/woodvale/woodvale-dental-surgery/s34859
